,setName,object,user,date,figure,nLines,data0,data1,data2,data3,data4,data5,data6,data7,data8,data9,data10,data11,data12,data13,data14,data15,data16,data17,data18,data19,data20,data21,data22,data23,data24,data25,data26,data27,data28,data29,data30,data31,data32,data33,data34,data35,data36,data37,data38,data39,data40,data41,data42,data43,data44,data45,data46,data47,data48,data49,data50,data51,data52,data53,data54,data55,data56,data57,data58,data59,data60,data61,data62,data63,data64,data65,data66,data67,data68,data69,data70,data71,data72,data73,data74,data75,data76,data77,data78,data79,data80,data81,data82,data83,data84,data85,data86,data87,data88,data89,data90,data91,data92,data93,data94,data95,data96,data97,data98,data99,Ang_0,Ang_1,Ang_2,Ang_3,Ang_4,Ang_5,Ang_6,Ang_7,Ang_8,Ang_9,Ang_10,Ang_11,Ang_12,Ang_13,Ang_14,Ang_15,Ang_16,Ang_17,Ang_18,Ang_19,Ang_20,Ang_21,Ang_22,Ang_23,Ang_24,Average,Std Deviation,Warning List
0,grupotodas,CropLinesAngle,NomeDoUsuario,2022.05.23.23.12.00,conf_002.png,7,464,0,80,474,543,9,343,226,654,27,425,280,733,24,449,378,811,21,486,494,877,39,722,267,958,57,713,336,,,,,,,,,,,,,,,,,,,,,,,,,,,,,,,,,,,,,,,,,,,,,,,,,,,,,,,,,,,,,,,,,,,,,,,,,39.01,42.67,42.15,38.74,34.49,34.21,41.29,,,,,,,,,,,,,,,,,,,38.94,3.2,yes
1,grupotodas,CropLinesAngle,NomeDoUsuario,2022.05.23.23.12.00,conf_004.png,14,122,519,74,4,149,8,205,515,199,12,256,522,242,13,312,536,290,11,347,453,346,14,401,503,400,8,453,477,452.0,14.0,507.0,475.0,496.0,8.0,566.0,494.0,543.0,6.0,627.0,478.0,589.0,23.0,667.0,504.0,642.0,34.0,717.0,499.0,698.0,1.0,710.0,40.0,4.0,179.0,35.0,512.0,,,,,,,,,,,,,,,,,,,,,,,,,,,,,,,,,,,,,,,,,,,,,-5.32,-6.3,-6.38,-7.62,-7.35,-6.42,-6.45,-6.8,-8.2,-10.09,-9.21,-9.16,,-5.32,,,,,,,,,,,,-7.28,1.45,
2,grupotodas,CropLinesAngle,NomeDoUsuario,2022.05.23.23.12.00,conf_008.png,10,6,89,105,533,56,9,184,521,163,2,269,513,229,3,345,517,308,18,433,513,398,8,533,513,469,6,649,536,554.0,3.0,741.0,542.0,643.0,9.0,832.0,510.0,908.0,483.0,724.0,21.0,,,,,,,,,,,,,,,,,,,,,,,,,,,,,,,,,,,,,,,,,,,,,,,,,,,,,,,,,,,,,-12.57,-14.04,-11.72,-12.72,-14.17,-14.97,-18.76,-19.13,-20.67,-21.72,,,,,,,,,,,,,,,,-16.05,3.48,yes
3,grupotodas,CropLinesAngle,NomeDoUsuario,2022.05.23.23.12.00,conf_009.png,13,6,207,164,534,13,65,257,499,67,1,336,516,171,10,413,517,258,5,474,491,367,28,558,519,440,27,623,494,525.0,18.0,715.0,510.0,605.0,10.0,784.0,488.0,703.0,34.0,869.0,517.0,778.0,25.0,935.0,457.0,857.0,9.0,976.0,237.0,941.0,5.0,967.0,46.0,,,,,,,,,,,,,,,,,,,,,,,,,,,,,,,,,,,,,,,,,,,,,,,,,-25.79,-29.35,-27.58,-25.52,-23.96,-21.26,-21.4,-21.12,-20.53,-18.97,-19.97,-27.56,,,,,,,,,,,,,,-23.58,3.34,yes
4,grupotodas,CropLinesAngle,NomeDoUsuario,2022.05.23.23.12.00,conf_010.png,13,476,534,59,51,557,532,149,38,319,59,634,501,371,14,706,480,497,33,820,533,607,64,876,456,711,45,935,395,783.0,54.0,947.0,288.0,853.0,38.0,962.0,177.0,937.0,10.0,979.0,62.0,12.0,353.0,182.0,533.0,10.0,224.0,296.0,524.0,30.0,112.0,367.0,507.0,,,,,,,,,,,,,,,,,,,,,,,,,,,,,,,,,,,,,,,,,,,,,,,,,-40.81,-39.55,-35.48,-35.71,-32.86,-34.46,-32.62,-35.02,,,-43.36,-43.63,-40.47,,,,,,,,,,,,,-37.63,3.86,yes
5,grupotodas,CropLinesAngle,NomeDoUsuario,2022.05.23.23.12.00,conf_012.png,10,300,452,368,539,278,341,448,534,252,194,558,544,283,105,675,543,273,2,783,534,371,2,888,540,506,10,972,523,620.0,35.0,970.0,390.0,738.0,8.0,963.0,226.0,869.0,3.0,982.0,92.0,,,,,,,,,,,,,,,,,,,,,,,,,,,,,,,,,,,,,,,,,,,,,,,,,,,,,,,,,,,,,,-41.37,-41.16,-41.83,-43.79,-43.86,-42.25,-44.59,-45.91,,,,,,,,,,,,,,,,,-43.1,1.59,
6,grupotodas,CropLinesAngle,NomeDoUsuario,2022.05.23.23.12.00,conf_013.png,11,311,377,448,541,298,455,360,541,298,281,541,522,294,155,631,528,301,52,753,527,368,9,880,541,467,15,956,515,569.0,6.0,958.0,413.0,681.0,5.0,964.0,264.0,780.0,11.0,964.0,177.0,895.0,2.0,971.0,61.0,,,,,,,,,,,,,,,,,,,,,,,,,,,,,,,,,,,,,,,,,,,,,,,,,,,,,,,,,-39.87,,-45.24,-42.1,-43.58,-43.9,-44.36,-43.7,-47.54,-47.94,,,,,,,,,,,,,,,,-44.25,2.36,
7,grupotodas,CropLinesAngle,NomeDoUsuario,2022.05.23.23.12.00,conf_014.png,13,164,458,257,547,162,364,330,534,164,261,409,535,187,176,515,530,160,35,615,535,207,3,690,522,287,0,814,539,385.0,6.0,921.0,542.0,494.0,6.0,962.0,459.0,594.0,17.0,948.0,377.0,683.0,20.0,962.0,306.0,775.0,10.0,972.0,212.0,866.0,5.0,972.0,101.0,,,,,,,,,,,,,,,,,,,,,,,,,,,,,,,,,,,,,,,,,,,,,,,,,,-44.66,-41.8,-42.82,-42.3,-42.94,-44.36,-45.0,-45.93,-44.52,-44.29,-44.28,,,,,,,,,,,,,,-43.9,1.2,
8,grupotodas,CropLinesAngle,NomeDoUsuario,2022.05.23.23.12.00,conf_017.png,12,566,393,483,20,540,4,620,414,590,4,673,399,648,9,710,354,697,8,768,385,743,6,814,357,792,9,859,326,843.0,6.0,902.0,331.0,887.0,12.0,948.0,250.0,946.0,8.0,976.0,108.0,995.0,5.0,1028.0,118.0,1038.0,1.0,1071.0,102.0,,,,,,,,,,,,,,,,,,,,,,,,,,,,,,,,,,,,,,,,,,,,,,,,,,,,,-12.55,-11.04,-11.87,-10.19,-10.67,-11.44,-11.93,-10.29,-14.38,,,,,,,,,,,,,,,,,-11.59,1.23,
9,grupotodas,CropLinesAngle,NomeDoUsuario,2022.05.23.23.12.00,conf_020.png,9,116,464,726,40,462,517,996,57,678,652,1077,251,718,762,1084,493,753,792,1082,548,821,785,1077,599,1066,648,881,786,1090.0,687.0,1025.0,723.0,1086.0,725.0,1040.0,763.0,,,,,,,,,,,,,,,,,,,,,,,,,,,,,,,,,,,,,,,,,,,,,,,,,,,,,,,,,,,,,,,,,55.2,49.26,44.86,53.69,53.44,54.0,53.28,,,,,,,,,,,,,,,,,,,51.96,3.37,yes
10,grupotodas,CropLinesAngle,NomeDoUsuario,2022.05.23.23.12.00,conf_029.png,20,483,0,588,551,409,1,528,536,362,10,473,535,308,8,410,531,237,3,343,525,172,1,291,529,112,7,220,545,49.0,13.0,151.0,523.0,0.0,143.0,94.0,531.0,1.0,392.0,41.0,540.0,590.0,8.0,651.0,411.0,651.0,29.0,728.0,529.0,779.0,518.0,707.0,18.0,754.0,17.0,835.0,516.0,884.0,516.0,802.0,7.0,869.0,10.0,945.0,518.0,922.0,10.0,977.0,316.0,1023.0,244.0,979.0,12.0,1031.0,22.0,1070.0,165.0,1085.0,6.0,1098.0,72.0,,,,,,,,,,,,,,,,,,,,,-10.79,-12.54,-11.94,-11.04,-11.48,-12.7,-11.35,-11.31,-13.62,,-8.61,-8.75,-8.19,-9.22,-9.15,-8.51,-10.19,-10.74,,,,,,,,-10.6,1.59,
11,grupotodas,CropLinesAngle,NomeDoUsuario,2022.05.23.23.12.00,conf_030.png,17,484,71,586,615,520,593,410,78,364,66,469,606,301,69,402,611,228,73,342,598,170,88,285,583,127,207,223,612,584.0,81.0,666.0,561.0,644.0,83.0,716.0,503.0,700.0,87.0,769.0,567.0,735.0,84.0,828.0,474.0,802.0,91.0,888.0,582.0,876.0,87.0,948.0,601.0,916.0,87.0,1004.0,509.0,980.0,77.0,1024.0,248.0,1039.0,83.0,1076.0,227.0,1086.0,71.0,1102.0,136.0,,,,,,,,,,,,,,,,,,,,,,,,,,,,,,,,,-10.62,-12.06,-11.0,-10.56,-12.25,-13.08,-13.34,-9.69,-9.73,-8.18,-13.41,-9.93,-7.97,-11.78,,,,,,,,,,,,-10.97,1.71,
12,grupotodas,CropLinesAngle,NomeDoUsuario,2022.05.23.23.12.00,conf_032.png,16,426,74,508,593,358,78,437,613,300,89,387,592,240,71,323,588,166,82,246,567,129,261,185,575,592,595,526,80,572.0,85.0,645.0,519.0,638.0,97.0,710.0,521.0,744.0,109.0,803.0,513.0,803.0,118.0,870.0,547.0,853.0,96.0,922.0,509.0,916.0,123.0,966.0,486.0,950.0,113.0,1039.0,562.0,992.0,135.0,1048.0,267.0,1043.0,105.0,1100.0,326.0,,,,,,,,,,,,,,,,,,,,,,,,,,,,,,,,,,,,,-8.98,-8.4,-9.81,-9.12,-9.37,-10.11,-7.3,-9.55,-9.64,-8.31,-8.88,-9.48,-7.84,-11.21,,-14.46,,,,,,,,,,-9.5,1.61,
13,grupotodas,CropLinesAngle,NomeDoUsuario,2022.05.23.23.12.00,conf_037.png,20,371,78,385,589,309,77,309,542,282,94,282,614,825,79,846,580,864,99,887,576,897,101,924,535,1014,109,1030,594,1040.0,120.0,1075.0,550.0,1071.0,100.0,1100.0,461.0,928.0,81.0,979.0,558.0,965.0,118.0,999.0,376.0,548.0,80.0,568.0,459.0,594.0,85.0,603.0,418.0,56.0,99.0,43.0,609.0,94.0,347.0,102.0,595.0,135.0,356.0,144.0,584.0,194.0,347.0,188.0,588.0,228.0,356.0,230.0,609.0,418.0,74.0,446.0,564.0,469.0,74.0,495.0,510.0,,,,,,,,,,,,,,,,,,,,,-1.57,0.0,0.0,-2.4,-2.76,-3.56,-1.89,-4.65,-4.59,-6.1,-7.51,-3.02,-1.55,1.46,-1.85,-2.26,1.43,-0.45,-3.27,-3.41,,,,,,-2.4,2.24,
14,grupotodas,CropLinesAngle,NomeDoUsuario,2022.05.23.23.12.00,conf_038.png,23,356,70,366,607,317,601,315,89,273,78,274,610,242,79,238,463,192,65,191,426,139,80,127,398,97,81,99,355,50.0,68.0,44.0,362.0,429.0,75.0,433.0,598.0,472.0,86.0,469.0,582.0,903.0,70.0,945.0,590.0,860.0,73.0,903.0,602.0,820.0,85.0,867.0,595.0,774.0,74.0,815.0,577.0,554.0,72.0,578.0,573.0,598.0,99.0,627.0,542.0,937.0,76.0,979.0,573.0,965.0,96.0,1010.0,540.0,996.0,69.0,1043.0,594.0,1027.0,87.0,1094.0,596.0,1064.0,105.0,1116.0,492.0,1092.0,84.0,1121.0,251.0,1131.0,3.0,1142.0,82.0,,,,,,,,,-1.07,-0.22,-0.11,0.6,0.16,2.16,-0.42,1.17,-0.44,0.35,-4.62,-4.65,-5.27,-4.66,-2.74,-3.75,-4.83,-5.79,-5.12,-7.5,-7.65,,,,,-2.59,2.92,yes
15,grupotodas,CropLinesAngle,NomeDoUsuario,2022.05.23.23.12.00,conf_041.png,20,375,8,374,545,321,10,321,540,276,11,281,543,232,9,233,531,184,2,179,527,149,4,137,539,98,6,79,538,51.0,4.0,34.0,513.0,7.0,122.0,16.0,19.0,441.0,1.0,431.0,527.0,473.0,36.0,480.0,535.0,499.0,41.0,528.0,511.0,548.0,50.0,560.0,483.0,955.0,20.0,990.0,383.0,997.0,46.0,1029.0,333.0,1017.0,18.0,1076.0,422.0,1050.0,21.0,1095.0,297.0,1081.0,20.0,1138.0,334.0,1129.0,3.0,1148.0,147.0,888.0,36.0,944.0,338.0,,,,,,,,,,,,,,,,,,,,,0.11,0.0,-0.54,-0.11,0.55,1.28,2.05,1.91,,1.09,-0.8,-3.53,-1.59,-5.51,-6.36,-8.31,-9.26,-10.29,,-10.51,,,,,,-2.77,4.29,yes
16,grupotodas,CropLinesAngle,NomeDoUsuario,2022.05.23.23.12.00,conf_053.png,19,175,196,226,486,190,13,255,511,229,23,291,489,324,471,259,38,303,25,367,513,337,14,410,521,500,499,434,41,770.0,40.0,825.0,444.0,811.0,67.0,844.0,310.0,861.0,29.0,893.0,303.0,903.0,47.0,938.0,297.0,969.0,51.0,998.0,280.0,1017.0,61.0,1074.0,510.0,1083.0,22.0,1135.0,466.0,800.0,749.0,734.0,399.0,700.0,395.0,765.0,742.0,690.0,499.0,743.0,754.0,625.0,282.0,699.0,754.0,666.0,722.0,585.0,309.0,,,,,,,,,,,,,,,,,,,,,,,,,-9.97,-7.44,-7.58,-8.54,-7.47,-8.19,-8.2,-7.75,-7.73,-6.66,-7.97,-7.22,-7.23,-6.68,-10.68,-10.61,-11.74,-8.91,-11.1,,,,,,,-8.51,1.51,
17,grupotodas,CropLinesAngle,NomeDoUsuario,2022.05.23.23.12.00,conf_054.png,20,18,227,87,730,52,223,133,697,99,221,162,561,147,260,228,685,178,288,242,674,227,234,311,760,537,241,597,660,518.0,401.0,564.0,715.0,292.0,223.0,386.0,728.0,349.0,253.0,430.0,721.0,435.0,253.0,489.0,716.0,689.0,748.0,627.0,435.0,730.0,760.0,605.0,221.0,771.0,726.0,658.0,276.0,799.0,723.0,684.0,251.0,823.0,672.0,733.0,245.0,757.0,119.0,844.0,560.0,889.0,442.0,815.0,112.0,866.0,113.0,929.0,396.0,935.0,104.0,969.0,305.0,,,,,,,,,,,,,,,,,,,,,-7.81,-9.7,-10.5,-10.79,-9.41,-9.07,-8.15,-8.33,-10.54,-9.82,-6.65,-11.2,-13.06,-14.1,-13.69,-11.9,-11.16,-12.64,-12.55,-9.6,,,,,,-10.53,1.98,
18,grupotodas,CropLinesAngle,NomeDoUsuario,2022.05.23.23.12.00,conf_060.png,12,263,113,331,584,325,128,393,595,407,121,457,612,475,125,529,614,685,143,723,631,794,646,737,133,178,638,130,123,61.0,144.0,136.0,634.0,12.0,180.0,55.0,617.0,812.0,118.0,845.0,613.0,885.0,142.0,924.0,628.0,969.0,565.0,936.0,140.0,,,,,,,,,,,,,,,,,,,,,,,,,,,,,,,,,,,,,,,,,,,,,,,,,,,,,-8.22,-8.28,-5.81,-6.3,-4.45,-6.34,-5.32,-8.7,-5.62,-3.81,-4.59,-4.44,,,,,,,,,,,,,,-5.99,1.58,
19,grupotodas,CropLinesAngle,NomeDoUsuario,2022.05.23.23.12.00,conf_061.png,14,345,656,262,111,386,641,325,127,478,644,404,132,529,649,472,141,587,626,528,133,646,595,587,130,720,605,674,139,784.0,618.0,738.0,154.0,841.0,621.0,804.0,140.0,185.0,641.0,124.0,134.0,272.0,651.0,193.0,119.0,130.0,653.0,56.0,128.0,54.0,621.0,9.0,245.0,922.0,629.0,875.0,158.0,,,,,,,,,,,,,,,,,,,,,,,,,,,,,,,,,,,,,,,,,,,,,-8.66,-6.77,-8.22,-6.4,-6.82,-7.23,-5.64,-5.66,-4.4,-6.86,-8.45,-8.02,-6.82,-5.7,,,,,,,,,,,,-6.83,1.18,
20,grupotodas,CropLinesAngle,NomeDoUsuario,2022.05.23.23.12.00,conf_062.png,16,738,649,653,124,813,622,720,124,780,133,829,422,860,153,946,579,891,6,957,281,950,6,985,121,591,21,676,630,604.0,650.0,536.0,136.0,540.0,660.0,470.0,20.0,391.0,0.0,471.0,645.0,404.0,652.0,338.0,45.0,346.0,650.0,269.0,13.0,277.0,665.0,213.0,33.0,189.0,624.0,154.0,58.0,105.0,413.0,106.0,137.0,79.0,585.0,32.0,39.0,,,,,,,,,,,,,,,,,,,,,,,,,,,,,,,,,,,,,-9.2,-10.58,-9.62,-11.41,-13.5,,-7.95,-7.54,-6.24,-7.07,-6.21,-6.89,-5.78,-3.54,0.21,-4.92,,,,,,,,,,-7.35,3.23,yes
21,grupotodas,CropLinesAngle,NomeDoUsuario,2022.05.23.23.12.00,conf_063.png,19,103,25,55,335,166,18,82,531,234,23,164,504,299,8,223,481,349,23,273,541,393,10,317,543,431,10,363,524,511.0,20.0,442.0,493.0,554.0,11.0,467.0,500.0,578.0,16.0,509.0,522.0,641.0,30.0,576.0,532.0,682.0,69.0,615.0,543.0,773.0,19.0,712.0,488.0,835.0,19.0,774.0,462.0,920.0,11.0,834.0,498.0,965.0,73.0,899.0,488.0,1032.0,45.0,962.0,518.0,1118.0,31.0,1038.0,537.0,1174.0,45.0,1108.0,510.0,,,,,,,,,,,,,,,,,,,,,,,,,8.8,9.3,8.28,9.13,8.35,8.12,7.54,8.3,10.09,7.77,7.38,8.05,7.41,7.84,10.01,9.04,8.42,8.98,8.08,,,,,,,8.47,0.78,
22,grupotodas,CropLinesAngle,NomeDoUsuario,2022.05.23.23.12.00,conf_064.png,17,1161,11,1068,502,1214,119,1152,496,1078,48,1008,497,946,536,1029,24,957,17,883,485,895,41,835,485,824,24,765,392,766.0,12.0,714.0,346.0,614.0,523.0,689.0,18.0,622.0,31.0,567.0,394.0,556.0,21.0,498.0,371.0,484.0,11.0,408.0,496.0,527.0,13.0,463.0,288.0,425.0,29.0,347.0,536.0,386.0,27.0,319.0,436.0,347.0,35.0,293.0,397.0,273.0,14.0,241.0,293.0,,,,,,,,,,,,,,,,,,,,,,,,,,,,,,,,,10.73,9.34,8.86,9.21,8.99,7.7,9.11,8.85,8.45,8.62,9.41,8.91,13.1,8.75,9.3,8.48,6.54,,,,,,,,,9.08,1.3,
23,grupotodas,CropLinesAngle,NomeDoUsuario,2022.05.23.23.12.00,conf_065.png,16,308,8,237,392,331,7,257,515,372,23,295,502,439,8,360,481,510,16,433,483,562,16,497,496,632,17,563,524,700.0,13.0,622.0,534.0,772.0,26.0,702.0,508.0,820.0,53.0,777.0,427.0,911.0,64.0,849.0,487.0,989.0,13.0,919.0,446.0,1033.0,35.0,967.0,513.0,1106.0,27.0,1036.0,538.0,1171.0,73.0,1110.0,503.0,1215.0,234.0,1163.0,521.0,,,,,,,,,,,,,,,,,,,,,,,,,,,,,,,,,,,,,10.48,8.29,9.13,9.48,9.36,7.71,7.75,8.51,8.26,6.56,8.34,9.18,7.86,7.8,8.07,10.27,,,,,,,,,,8.57,0.99,
24,grupotodas,CropLinesAngle,NomeDoUsuario,2022.05.23.23.12.00,conf_066.png,18,314,8,393,505,375,29,463,527,521,492,454,21,528,42,577,426,591,56,664,524,658,16,737,518,729,36,802,515,787.0,50.0,865.0,500.0,855.0,43.0,934.0,504.0,923.0,4.0,1010.0,514.0,989.0,40.0,1074.0,487.0,1058.0,11.0,1152.0,497.0,1110.0,5.0,1183.0,372.0,1189.0,9.0,1207.0,68.0,242.0,22.0,327.0,518.0,175.0,15.0,253.0,527.0,95.0,15.0,193.0,502.0,31.0,22.0,123.0,469.0,,,,,,,,,,,,,,,,,,,,,,,,,,,,,-9.03,-10.02,-8.1,-7.27,-8.87,-8.94,-8.67,-9.83,-9.72,-9.68,-10.77,-10.95,-11.25,,-9.72,-8.66,-11.38,-11.63,,,,,,,,-9.68,1.19,
25,grupotodas,CropLinesAngle,NomeDoUsuario,2022.05.23.23.12.00,conf_067.png,19,3,148,929,288,20,42,953,160,17,272,953,421,15,392,862,527,3,464,313,511,3,527,237,552,12,2103,713,2224,3.0,1973.0,850.0,2118.0,9.0,1884.0,895.0,1997.0,3.0,1751.0,942.0,1898.0,3.0,1613.0,950.0,1758.0,58.0,1488.0,897.0,1638.0,17.0,1370.0,908.0,1498.0,16.0,1210.0,942.0,1386.0,59.0,1138.0,948.0,1264.0,905.0,1157.0,24.0,1030.0,9.0,883.0,898.0,993.0,10.0,767.0,906.0,887.0,37.0,645.0,865.0,748.0,,,,,,,,,,,,,,,,,,,,,,,,,-81.4,-82.79,-80.96,-80.94,-81.38,-83.9,-80.21,-80.29,-82.73,-81.1,-81.29,-79.86,-81.82,-79.24,-81.93,-81.8,-82.95,-82.37,-82.91,,,,,,,-81.57,1.17,
26,grupotodas,CropLinesAngle,NomeDoUsuario,2022.05.23.23.12.00,conf_068.png,15,3,60,522,13,10,173,935,69,20,299,953,178,20,456,923,323,5,554,922,447,9,669,789,577,24,826,956,685,37.0,943.0,925.0,852.0,8.0,1159.0,895.0,1093.0,28.0,1322.0,911.0,1227.0,46.0,1472.0,952.0,1344.0,96.0,1562.0,959.0,1468.0,57.0,1823.0,818.0,1745.0,20.0,2062.0,835.0,1985.0,44.0,2211.0,902.0,2118.0,,,,,,,,,,,,,,,,,,,,,,,,,,,,,,,,,,,,,,,,,84.83,83.59,82.61,81.62,83.34,83.27,81.4,84.15,85.74,83.86,81.96,83.78,84.15,84.6,83.81,,,,,,,,,,,83.51,1.17,
27,grupotodas,CropLinesAngle,NomeDoUsuario,2022.05.23.23.12.00,conf_069.png,18,294,2070,1250,2173,309,1915,1211,2034,323,1805,1178,1937,289,1674,1174,1774,325,1548,1219,1693,309,1454,1109,1532,340,1285,1123,1419,341.0,1196.0,1179.0,1314.0,383.0,1066.0,1182.0,1184.0,1121.0,1033.0,339.0,952.0,345.0,788.0,1139.0,908.0,1207.0,796.0,394.0,658.0,335.0,531.0,1227.0,675.0,327.0,422.0,1158.0,491.0,343.0,291.0,1167.0,406.0,349.0,28.0,1078.0,143.0,338.0,156.0,931.0,234.0,996.0,12.0,1221.0,75.0,,,,,,,,,,,,,,,,,,,,,,,,,,,,,-83.85,-82.48,-81.22,-83.55,-80.79,-84.43,-80.29,-81.98,-81.6,-84.09,-81.41,-80.37,-80.83,-85.25,-82.05,-81.04,-82.51,-74.36,,,,,,,,-81.78,2.3,
28,grupotodas,CropLinesAngle,NomeDoUsuario,2022.05.23.23.12.00,conf_070.png,20,329,121,1223,242,665,35,1163,129,1048,7,1210,34,346,267,1008,332,345,371,1228,466,304,488,1226,607,309,609,1257,738,283.0,733.0,1213.0,855.0,306.0,895.0,1198.0,962.0,291.0,1006.0,1245.0,1105.0,294.0,1128.0,1225.0,1235.0,1179.0,1370.0,304.0,1252.0,316.0,1291.0,1123.0,1410.0,289.0,1332.0,934.0,1421.0,301.0,1474.0,1199.0,1578.0,331.0,1584.0,1133.0,1675.0,298.0,1709.0,1214.0,1828.0,297.0,1783.0,1172.0,1899.0,284.0,1860.0,1075.0,1940.0,304.0,1978.0,806.0,2022.0,,,,,,,,,,,,,,,,,,,,,-82.29,-79.31,,-84.39,-83.86,-82.65,-82.25,-82.53,-85.7,-84.08,-83.44,-82.32,-81.61,-82.14,-83.39,-83.53,-82.6,-82.45,-84.22,-84.99,,,,,,-83.04,1.37,
29,grupotodas,CropLinesAngle,NomeDoUsuario,2022.05.23.23.12.00,conf_071.png,9,535,174,565,635,642,169,671,632,832,166,869,658,936,178,975,663,1051,213,1078,670,1149,211,1180,666,446,181,478,634,330.0,186.0,390.0,649.0,327.0,674.0,288.0,298.0,,,,,,,,,,,,,,,,,,,,,,,,,,,,,,,,,,,,,,,,,,,,,,,,,,,,,,,,,,,,,,,,,-3.72,-3.58,-4.3,-4.6,-3.38,-3.9,-4.04,-7.38,-5.92,,,,,,,,,,,,,,,,,-4.54,1.23,
30,grupotodas,CropLinesAngle,NomeDoUsuario,2022.05.23.23.12.00,conf_072.png,9,364,188,361,662,470,184,480,661,577,204,596,693,690,202,698,652,804,190,790,599,898,192,905,594,1011,188,1036,615,1137.0,208.0,1156.0,583.0,1234.0,196.0,1252.0,638.0,,,,,,,,,,,,,,,,,,,,,,,,,,,,,,,,,,,,,,,,,,,,,,,,,,,,,,,,,,,,,,,,,0.36,-1.2,-2.23,-1.02,1.96,-1.0,-3.35,-2.9,-2.33,,,,,,,,,,,,,,,,,-1.3,1.57,
31,grupotodas,CropLinesAngle,NomeDoUsuario,2022.05.23.23.12.00,conf_073.png,12,291,234,314,638,405,215,435,622,518,211,562,629,628,196,649,642,750,195,750,669,854,229,878,634,960,220,965,660,1071.0,221.0,1085.0,668.0,1184.0,271.0,1198.0,665.0,1269.0,175.0,1306.0,475.0,81.0,162.0,108.0,655.0,196.0,206.0,218.0,653.0,,,,,,,,,,,,,,,,,,,,,,,,,,,,,,,,,,,,,,,,,,,,,,,,,,,,,-3.26,-4.22,-6.01,-2.7,0.0,-3.39,-0.65,-1.79,-2.04,-7.03,-3.13,-2.82,,,,,,,,,,,,,,-3.09,1.91,
32,grupotodas,CropLinesAngle,NomeDoUsuario,2022.05.23.23.12.00,conf_074.png,9,154,80,276,542,266,86,363,538,378,94,475,513,497,102,581,553,581,79,707,540,710,87,837,576,812,117,944,538,945.0,81.0,1057.0,559.0,1062.0,110.0,1129.0,531.0,,,,,,,,,,,,,,,,,,,,,,,,,,,,,,,,,,,,,,,,,,,,,,,,,,,,,,,,,,,,,,,,,-14.79,-12.11,-13.03,-10.55,-15.29,-14.56,-17.41,-13.19,-9.04,,,,,,,,,,,,,,,,,-13.33,2.4,
33,grupotodas,CropLinesAngle,NomeDoUsuario,2022.05.23.23.12.00,conf_075.png,10,48,420,930,360,49,211,935,180,174,579,905,529,704,13,63,87,39,807,953,739,12,1179,901,1119,935,1313,58,1352,14.0,1560.0,910.0,1526.0,40.0,1764.0,932.0,1682.0,34.0,1950.0,882.0,1933.0,,,,,,,,,,,,,,,,,,,,,,,,,,,,,,,,,,,,,,,,,,,,,,,,,,,,,,,,,,,,,86.11,88.0,86.09,83.41,85.75,86.14,87.45,87.83,84.75,88.85,,,,,,,,,,,,,,,,86.44,1.55,
34,grupotodas,CropLinesAngle,NomeDoUsuario,2022.05.23.23.12.00,conf_081.png,24,27,201,0,246,78,213,3,385,132,204,5,524,199,207,16,720,259,213,66,733,327,212,133,720,388,218,214,699,466.0,213.0,265.0,713.0,522.0,210.0,358.0,677.0,588.0,214.0,413.0,723.0,659.0,202.0,477.0,718.0,726.0,201.0,556.0,686.0,764.0,234.0,619.0,703.0,817.0,258.0,686.0,701.0,892.0,243.0,754.0,708.0,959.0,224.0,804.0,725.0,977.0,375.0,869.0,715.0,1101.0,214.0,934.0,732.0,1153.0,218.0,989.0,726.0,1219.0,220.0,1071.0,703.0,1296.0,211.0,1130.0,719.0,1335.0,258.0,1196.0,721.0,1332.0,469.0,1255.0,729.0,1313.0,733.0,1338.0,642.0,,,,,,,21.65,19.63,20.36,20.9,19.89,21.9,19.35,18.97,19.43,19.32,17.18,16.47,16.53,17.19,17.62,17.87,17.89,17.04,18.1,16.71,16.5,,,18.6,1.67,
35,grupotodas,CropLinesAngle,NomeDoUsuario,2022.05.23.23.12.00,conf_082.png,20,570,215,63,728,472,208,12,689,403,205,15,569,303,217,19,463,196,205,20,373,87,205,0,301,25,202,2,225,666.0,202.0,141.0,731.0,771.0,208.0,247.0,724.0,858.0,214.0,349.0,702.0,911.0,241.0,430.0,712.0,1056.0,215.0,520.0,727.0,1108.0,239.0,622.0,699.0,1209.0,245.0,728.0,697.0,1240.0,295.0,813.0,704.0,1315.0,327.0,900.0,742.0,1322.0,425.0,979.0,734.0,1330.0,499.0,1086.0,720.0,1321.0,576.0,1151.0,728.0,1341.0,655.0,1261.0,733.0,,,,,,,,,,,,,,,,,,,,,44.66,43.72,46.83,49.1,46.33,,,44.78,45.44,46.21,45.6,46.31,46.57,46.78,46.23,45.0,47.99,47.83,48.2,,,,,,,46.33,1.37,
36,grupotodas,CropLinesAngle,NomeDoUsuario,2022.05.23.23.12.00,conf_083.png,19,1332,693,1264,198,1188,203,1258,731,1119,221,1186,723,1020,212,1110,740,963,234,1034,730,883,216,964,706,815,219,875,732,737.0,214.0,796.0,695.0,666.0,223.0,717.0,693.0,587.0,212.0,659.0,685.0,501.0,233.0,578.0,719.0,434.0,276.0,505.0,701.0,346.0,205.0,427.0,687.0,280.0,221.0,354.0,679.0,201.0,226.0,275.0,642.0,117.0,224.0,207.0,736.0,237.0,674.0,167.0,270.0,53.0,249.0,145.0,726.0,15.0,456.0,56.0,673.0,,,,,,,,,,,,,,,,,,,,,,,,,-7.82,-7.55,-7.6,-9.67,-8.15,-9.39,-6.67,-6.99,-6.19,-8.66,-9.0,-9.48,-9.54,-9.18,-10.09,-9.97,-9.83,-10.92,-10.7,,,,,,,-8.81,1.33,
37,grupotodas,CropLinesAngle,NomeDoUsuario,2022.05.23.23.12.00,conf_084.png,25,23,3,5,36,84,3,11,118,145,7,2,352,205,7,0,491,283,3,31,618,81,657,335,9,410,5,147,676,204.0,690.0,468.0,11.0,534.0,6.0,279.0,699.0,337.0,723.0,600.0,3.0,664.0,4.0,398.0,723.0,451.0,748.0,729.0,4.0,793.0,5.0,512.0,751.0,579.0,758.0,870.0,5.0,933.0,4.0,648.0,755.0,721.0,762.0,961.0,61.0,812.0,749.0,1075.0,7.0,1130.0,7.0,880.0,716.0,916.0,753.0,1193.0,3.0,1263.0,7.0,1001.0,730.0,1063.0,743.0,1337.0,0.0,1374.0,83.0,1140.0,752.0,1190.0,758.0,1363.0,291.0,1269.0,758.0,1370.0,468.0,1342.0,746.0,1365.0,674.0,,,22.51,22.96,22.28,21.4,21.4,21.25,20.2,20.07,20.3,20.49,20.64,21.13,20.78,18.9,19.52,19.42,20.27,19.92,20.24,19.28,20.33,19.2,,20.57,1.06,
38,grupotodas,CropLinesAngle,NomeDoUsuario,2022.05.23.23.12.00,conf_085.png,19,4,191,176,5,265,4,13,263,347,9,10,326,438,9,9,442,508,34,39,524,579,27,129,523,710,33,232,503,762.0,62.0,315.0,518.0,861.0,83.0,393.0,539.0,929.0,99.0,505.0,534.0,1044.0,184.0,569.0,661.0,1091.0,206.0,636.0,682.0,1162.0,233.0,726.0,691.0,1277.0,223.0,819.0,698.0,1328.0,266.0,916.0,690.0,1325.0,343.0,1000.0,698.0,1091.0,695.0,1351.0,425.0,1171.0,711.0,1357.0,515.0,1219.0,761.0,1376.0,599.0,,,,,,,,,,,,,,,,,,,,,,,,,42.76,44.22,46.75,44.73,43.75,42.22,45.48,44.43,45.74,44.27,44.88,43.71,43.59,43.96,44.18,42.47,43.92,43.5,44.1,,,,,,,44.14,1.07,
39,grupotodas,CropLinesAngle,NomeDoUsuario,2022.05.23.23.12.00,conf_086.png,25,1325,777,1381,615,1387,434,1264,771,1196,766,1384,194,1383,19,1124,774,1050,776,1306,9,1254,1,994,770,935,773,1177,1,1122.0,2.0,866.0,763.0,786.0,762.0,1048.0,6.0,984.0,2.0,719.0,755.0,648.0,771.0,911.0,0.0,843.0,7.0,573.0,768.0,518.0,756.0,784.0,5.0,719.0,8.0,438.0,769.0,404.0,714.0,659.0,6.0,313.0,748.0,584.0,4.0,522.0,4.0,239.0,767.0,161.0,773.0,456.0,4.0,385.0,0.0,99.0,774.0,33.0,774.0,322.0,7.0,255.0,4.0,4.0,656.0,6.0,501.0,198.0,1.0,129.0,5.0,8.0,326.0,5.0,191.0,83.0,6.0,8.0,5.0,1.0,19.0,,20.05,18.19,18.93,18.46,18.68,17.4,18.59,19.11,19.39,18.84,19.53,19.5,20.27,19.81,20.01,20.35,20.99,20.28,20.65,21.06,21.01,20.65,22.86,,19.77,1.17,
